seekerEmail,qualification,institution,startYear,endYear
john.doe@gmail.com,BSc Computer Science,University of Lagos,2014,2018
john.doe@gmail.com,MSc Software Engineering,University of Ibadan,2019,2021
fatima.ibrahim@outlook.com,BSc Statistics,University of Abuja,2015,2019
emeka.nwosu@yahoo.com,BEng Computer Engineering,University of Nigeria Nsukka,2012,2017
emeka.nwosu@yahoo.com,AWS Certified Solutions Architect,Amazon Web Services,2020,2020
aisha.bello@gmail.com,BSc Nursing,University of Lagos,2016,2020
david.chen@gmail.com,BSc Computer Science,Stanford University,2011,2015
david.chen@gmail.com,PhD Machine Learning,Stanford University,2015,2020
priya.sharma@outlook.com,BBA Marketing,University of Mumbai,2015,2019
priya.sharma@outlook.com,Digital Marketing Certification,Google Digital Academy,2020,2020
seun.adebayo@gmail.com,BEng Civil Engineering,University of Port Harcourt,2013,2018
seun.adebayo@gmail.com,MSc Structural Engineering,University of Lagos,2019,2021