title,description,requirements,category,location,employmentType,experienceLevel,salaryMin,salaryMax,currency,deadline,status,companyName
Senior Java Developer,Design and build scalable backend services for our core platform,5 plus years Java and Spring Boot with strong SQL skills,TECHNOLOGY,Lagos Nigeria,FULLTIME,SENIOR,8000000,12000000,NGN,2026-12-31,ACTIVE,TechCorp Ltd
Frontend Engineer,Create beautiful responsive user interfaces using modern JavaScript frameworks,3 plus years React TypeScript and CSS experience,TECHNOLOGY,Lagos Nigeria,FULLTIME,MID,5000000,8000000,NGN,2026-12-15,ACTIVE,TechCorp Ltd
DevOps Engineer,Own our CI CD pipeline and cloud infrastructure,Strong Docker Kubernetes and AWS experience,TECHNOLOGY,Lagos Nigeria,FULLTIME,SENIOR,7000000,11000000,NGN,2026-11-30,ACTIVE,TechCorp Ltd
Product Manager,Drive product strategy and roadmap for our fintech vertical,5 plus years product management in tech companies,TECHNOLOGY,Lagos Nigeria,FULLTIME,SENIOR,9000000,14000000,NGN,2026-12-20,ACTIVE,TechCorp Ltd
QA Engineer,Ensure product quality through manual and automated testing,Experience with Selenium and API testing,TECHNOLOGY,Lagos Nigeria,FULLTIME,MID,4000000,6000000,NGN,2026-11-25,ACTIVE,TechCorp Ltd
Data Analyst,Turn banking data into actionable insights for business teams,Strong SQL Excel and visualization skills,FINANCE,Abuja Nigeria,FULLTIME,MID,5000000,8000000,NGN,2026-12-10,ACTIVE,FinBank
Risk Officer,Assess and mitigate financial and operational risks across our portfolio,3 plus years experience in banking risk management,FINANCE,Abuja Nigeria,FULLTIME,MID,6000000,9000000,NGN,2026-12-05,ACTIVE,FinBank
Mobile Banking Developer,Build our next generation mobile banking experience,3 plus years Android or iOS development experience,FINANCE,Abuja Nigeria,FULLTIME,MID,6500000,9500000,NGN,2026-12-31,ACTIVE,FinBank
Financial Controller,Oversee financial reporting and regulatory compliance,Qualified accountant with 7 plus years experience,FINANCE,Abuja Nigeria,FULLTIME,LEAD,12000000,18000000,NGN,2026-11-20,ACTIVE,FinBank
Customer Success Manager,Build strong relationships with our high value banking customers,4 plus years customer success in fintech or banking,FINANCE,Abuja Nigeria,FULLTIME,MID,4500000,7000000,NGN,2026-12-15,ACTIVE,FinBank
Registered Nurse,Provide compassionate patient care in our modern clinics,Valid nursing license and 2 plus years clinical experience,HEALTHCARE,Lagos Nigeria,FULLTIME,MID,3500000,5500000,NGN,2026-12-31,ACTIVE,HealthPlus Medical
Medical Officer,Diagnose and treat patients across our outpatient services,MBBS degree and valid medical license,HEALTHCARE,Lagos Nigeria,FULLTIME,SENIOR,8000000,12000000,NGN,2026-12-20,ACTIVE,HealthPlus Medical
Health Informatics Specialist,Design and maintain clinical data systems across our network,3 plus years healthcare IT experience with HL7 knowledge,HEALTHCARE,Lagos Nigeria,FULLTIME,MID,5500000,8500000,NGN,2026-12-10,ACTIVE,HealthPlus Medical
Lab Technician,Perform diagnostic tests and maintain lab equipment,BSc in Medical Laboratory Science with 2 plus years experience,HEALTHCARE,Lagos Nigeria,FULLTIME,ENTRY,3000000,4500000,NGN,2026-12-31,ACTIVE,HealthPlus Medical
Patient Coordinator,Coordinate patient appointments and manage front desk operations,Excellent communication and organizational skills,HEALTHCARE,Lagos Nigeria,FULLTIME,ENTRY,2500000,3500000,NGN,2026-12-15,ACTIVE,HealthPlus Medical
Curriculum Developer,Design engaging learning curricula for our online courses,Teaching experience and instructional design skills,EDUCATION,Nairobi Kenya,FULLTIME,MID,300000,450000,KES,2026-12-20,ACTIVE,EduBridge Academy
E-Learning Content Designer,Create multimedia learning content for our platform,Experience with Articulate Storyline and video editing,EDUCATION,Nairobi Kenya,FULLTIME,MID,350000,500000,KES,2026-12-15,ACTIVE,EduBridge Academy
Online Tutor Coordinator,Manage and support our network of online tutors,Education sector experience with strong people skills,EDUCATION,Nairobi Kenya,FULLTIME,MID,280000,420000,KES,2026-12-10,ACTIVE,EduBridge Academy
Marketing Specialist,Drive student acquisition through digital marketing campaigns,3 plus years digital marketing in edtech or similar,EDUCATION,Nairobi Kenya,FULLTIME,MID,320000,480000,KES,2026-12-31,ACTIVE,EduBridge Academy
Platform Engineer,Maintain and scale our learning management system,Experience with Node.js and cloud infrastructure,EDUCATION,Nairobi Kenya,FULLTIME,SENIOR,500000,750000,KES,2026-12-25,ACTIVE,EduBridge Academy
Structural Engineer,Design and oversee construction of major infrastructure projects,BSc Civil Engineering with 5 plus years experience,ENGINEERING,Port Harcourt Nigeria,FULLTIME,SENIOR,9000000,14000000,NGN,2026-12-20,ACTIVE,BuildRight Engineering
Project Manager,Lead multi-disciplinary teams on large construction projects,PMP certification and 7 plus years project experience,ENGINEERING,Port Harcourt Nigeria,FULLTIME,SENIOR,10000000,15000000,NGN,2026-12-15,ACTIVE,BuildRight Engineering
Site Supervisor,Oversee day to day construction activities and safety,5 plus years site supervision experience,ENGINEERING,Port Harcourt Nigeria,FULLTIME,MID,5000000,7500000,NGN,2026-12-10,ACTIVE,BuildRight Engineering
AutoCAD Draftsman,Produce detailed technical drawings for engineering projects,Proficiency in AutoCAD and Revit,ENGINEERING,Port Harcourt Nigeria,FULLTIME,ENTRY,3500000,5000000,NGN,2026-12-31,ACTIVE,BuildRight Engineering
Quantity Surveyor,Prepare cost estimates and manage project budgets,BSc Quantity Surveying with 3 plus years experience,ENGINEERING,Port Harcourt Nigeria,FULLTIME,MID,5500000,8000000,NGN,2026-12-25,ACTIVE,BuildRight Engineering
SEO Specialist,Drive organic growth through technical and content SEO,3 plus years SEO experience with proven results,MARKETING,London United Kingdom,FULLTIME,MID,45000,65000,GBP,2026-12-15,ACTIVE,BrightWave Marketing
Content Strategist,Develop content strategies for global B2B brands,5 plus years content marketing experience,MARKETING,London United Kingdom,FULLTIME,SENIOR,55000,75000,GBP,2026-12-10,ACTIVE,BrightWave Marketing
Social Media Manager,Manage social channels for multiple high profile clients,3 plus years managing brand social accounts,MARKETING,London United Kingdom,FULLTIME,MID,38000,52000,GBP,2026-12-20,ACTIVE,BrightWave Marketing
Brand Designer,Create stunning visual identities for our clients,Strong portfolio with 4 plus years agency experience,MARKETING,London United Kingdom,FULLTIME,MID,42000,58000,GBP,2026-12-31,ACTIVE,BrightWave Marketing
Digital Marketing Analyst,Analyze campaign performance and provide insights,2 plus years analytics experience with Google Analytics,MARKETING,London United Kingdom,FULLTIME,ENTRY,32000,45000,GBP,2026-12-25,ACTIVE,BrightWave Marketing
Machine Learning Engineer,Build production ML systems for medical imaging,MS or PhD with 4 plus years ML engineering experience,TECHNOLOGY,Berlin Germany,FULLTIME,SENIOR,75000,105000,EUR,2026-12-15,ACTIVE,NeuroTech Solutions
Data Scientist,Develop predictive models from clinical datasets,3 plus years data science with healthcare data,TECHNOLOGY,Berlin Germany,FULLTIME,MID,60000,85000,EUR,2026-12-20,ACTIVE,NeuroTech Solutions
Backend Developer,Build APIs and services for our AI platform,4 plus years backend development with Python and FastAPI,TECHNOLOGY,Berlin Germany,FULLTIME,MID,65000,90000,EUR,2026-12-10,ACTIVE,NeuroTech Solutions
Research Scientist,Conduct cutting edge research in medical AI,PhD in Computer Science or related field,TECHNOLOGY,Berlin Germany,FULLTIME,LEAD,90000,130000,EUR,2026-11-30,ACTIVE,NeuroTech Solutions
UX Designer,Design intuitive interfaces for clinical software,4 plus years UX design with healthcare or enterprise experience,TECHNOLOGY,Berlin Germany,FULLTIME,MID,55000,75000,EUR,2026-12-31,ACTIVE,NeuroTech Solutions